{
  "version": 1,
  "author": "Іван Шевченко",
  "editor": "wokwi",
  "parts": [
    { "type": "wokwi-esp32-devkit-v1", "id": "esp", "top": 0, "left": 0, "attrs": {} },
    { "type": "wokwi-potentiometer", "id": "pot1", "top": 54.4, "left": -115.2, "attrs": {} },
    { "type": "wokwi-dht22", "id": "dht1", "top": 3.2, "left": 264, "attrs": {} }
  ],
  "connections": [
    [ "esp:TX0", "$serialMonitor:RX", "", [] ],
    [ "esp:RX0", "$serialMonitor:TX", "", [] ],
    [ "dht1:VCC", "esp:3V3", "red", [ "v0" ] ],
    [ "dht1:GND", "esp:GND.1", "black", [ "v0" ] ],
    [ "dht1:SDA", "esp:D21", "green", [ "v0" ] ],
    [ "pot1:GND", "esp:GND.2", "black", [ "v131.33", "h161.07" ] ],
    [ "pot1:VCC", "esp:3V3", "red", [ "v-1.93", "h265.6" ] ],
    [ "pot1:OUT", "esp:D35", "green", [ "v24.51", "h232" ] ]
  ],
  "dependencies": {}
}